,CH1,CH2
Second,Volt,Volt
-9.60001e-04,0.00e+00,3.20e-03, 
-9.20000e-04,-4.00e-01,-8.00e-03, 
-8.80000e-04,8.00e-01,-8.00e-03, 
-8.40001e-04,-8.00e-01,0.00e+00, 
-8.00001e-04,-8.00e-01,-8.80e-03, 
-7.60000e-04,8.00e-01,8.00e-04, 
-7.20001e-04,-8.00e-01,-6.40e-03, 
-6.80001e-04,4.00e-01,1.60e-03, 
-6.40000e-04,8.00e-01,-7.20e-03, 
-6.00001e-04,-8.00e-01,1.60e-03, 
-5.60001e-04,8.00e-01,1.60e-03, 
-5.20000e-04,-8.00e-01,-8.00e-03, 
-4.80001e-04,-8.00e-01,-7.20e-03, 
-4.40001e-04,4.00e-01,-1.60e-03, 
-4.00000e-04,-8.00e-01,-6.40e-03, 
-3.60001e-04,8.00e-01,8.00e-04, 
-3.20001e-04,4.00e-01,-8.00e-03, 
-2.80000e-04,-8.00e-01,1.60e-03, 
-2.40001e-04,8.00e-01,-6.40e-03, 
-2.00001e-04,-8.00e-01,-8.00e-04, 
-1.60000e-04,-8.00e-01,1.60e-03, 
-1.20001e-04,8.00e-01,-8.80e-03, 
-8.00006e-05,8.00e-01,-5.60e-03, 
-4.00003e-05,-8.00e-01,0.00e+00, 
-9.31323e-10,-8.00e-01,-8.00e-03, 
3.99994e-05,3.04e+01,1.12e-02, 
7.99997e-05,3.00e+01,-5.60e-03, 
1.20000e-04,2.92e+01,3.20e-03, 
1.59999e-04,2.92e+01,-3.20e-03, 
2.00000e-04,2.76e+01,6.40e-03, 
2.40000e-04,2.80e+01,8.00e-04, 
2.79999e-04,2.60e+01,8.80e-03, 
3.20000e-04,2.60e+01,1.20e-02, 
3.60000e-04,2.40e+01,5.60e-03, 
3.99999e-04,2.36e+01,6.40e-03, 
4.40000e-04,2.16e+01,1.20e-02, 
4.80000e-04,2.12e+01,1.04e-02, 
5.19999e-04,1.88e+01,1.44e-02, 
5.60000e-04,1.80e+01,1.60e-02, 
6.00000e-04,1.52e+01,1.12e-02, 
6.39999e-04,1.52e+01,1.12e-02, 
6.80000e-04,1.20e+01,2.00e-02, 
7.20000e-04,1.16e+01,1.44e-02, 
7.59999e-04,8.40e+00,2.00e-02, 
8.00000e-04,8.00e+00,1.12e-02, 
8.40000e-04,4.80e+00,2.08e-02, 
8.79999e-04,4.40e+00,1.92e-02, 
9.20000e-04,8.00e-01,1.44e-02, 
9.60000e-04,4.00e-01,1.44e-02, 
9.99999e-04,-3.20e+00,2.00e-02, 
1.04000e-03,-3.20e+00,1.44e-02, 
1.08000e-03,-6.40e+00,2.00e-02, 
1.12000e-03,-6.40e+00,2.24e-02, 
1.16000e-03,-9.60e+00,1.60e-02, 
1.20000e-03,-1.00e+01,1.76e-02, 
1.24000e-03,-1.32e+01,1.20e-02, 
1.28000e-03,-1.36e+01,1.84e-02, 
1.32000e-03,-1.60e+01,1.12e-02, 
1.36000e-03,-1.60e+01,8.80e-03, 
1.40000e-03,-1.84e+01,1.60e-02, 
1.44000e-03,-1.88e+01,8.00e-03, 
1.48000e-03,-2.08e+01,1.36e-02, 
1.52000e-03,-2.08e+01,1.52e-02, 
1.56000e-03,-2.20e+01,6.40e-03, 
1.60000e-03,-2.24e+01,8.80e-03, 
1.64000e-03,-2.36e+01,2.40e-03, 
1.68000e-03,-2.36e+01,-3.20e-03, 
1.72000e-03,-2.48e+01,6.40e-03, 
1.76000e-03,-2.48e+01,8.00e-04, 
1.80000e-03,-2.52e+01,6.40e-03, 
1.84000e-03,-2.48e+01,-5.60e-03, 
1.88000e-03,-2.52e+01,8.00e-04, 
1.92000e-03,-2.48e+01,0.00e+00, 
1.96000e-03,-2.36e+01,-1.36e-02, 
2.00000e-03,-2.36e+01,-4.80e-03, 
2.04000e-03,-2.28e+01,-1.36e-02, 
2.08000e-03,-2.28e+01,-9.60e-03, 
2.12000e-03,-2.20e+01,-8.00e-04, 
2.16000e-03,-2.20e+01,0.00e+00, 
2.20000e-03,-2.04e+01,-1.52e-02, 
2.24000e-03,-2.00e+01,-1.04e-02, 
2.28000e-03,-1.88e+01,-1.76e-02, 
2.32000e-03,-1.88e+01,-1.84e-02, 
2.36000e-03,-1.64e+01,-1.20e-02, 
2.40000e-03,-1.68e+01,-2.16e-02, 
2.44000e-03,-1.48e+01,-1.04e-02, 
2.48000e-03,-1.40e+01,-7.20e-03, 
2.52000e-03,-1.20e+01,-1.84e-02, 
2.56000e-03,-1.16e+01,-2.24e-02, 
2.60000e-03,-9.20e+00,-1.36e-02, 
2.64000e-03,-9.20e+00,-1.60e-02, 
2.68000e-03,-6.40e+00,-2.16e-02, 
2.72000e-03,-6.40e+00,-1.76e-02, 
2.76000e-03,-4.00e+00,-2.48e-02, 
2.80000e-03,-3.60e+00,-1.76e-02, 
2.84000e-03,-8.00e-01,-2.40e-02, 
2.88000e-03,-8.00e-01,-2.32e-02, 
2.92000e-03,1.60e+00,-1.44e-02, 
2.96000e-03,1.60e+00,-1.12e-02, 
3.00000e-03,4.00e+00,-2.16e-02, 
3.04000e-03,4.80e+00,-1.52e-02, 
3.08000e-03,6.80e+00,-2.56e-02, 
3.12000e-03,7.60e+00,-2.16e-02, 
3.16000e-03,9.20e+00,-1.68e-02, 
3.20000e-03,9.20e+00,-2.16e-02, 
3.24000e-03,1.12e+01,-1.04e-02, 
3.28000e-03,1.16e+01,-1.20e-02, 
3.32000e-03,1.32e+01,-1.92e-02, 
3.36000e-03,1.36e+01,-1.76e-02, 
3.40000e-03,1.52e+01,-1.12e-02, 
3.44000e-03,1.52e+01,-1.76e-02, 
3.48000e-03,1.64e+01,-8.80e-03, 
3.52000e-03,1.64e+01,-1.44e-02, 
3.56000e-03,1.76e+01,-8.80e-03, 
3.60000e-03,1.76e+01,-1.52e-02, 
3.64000e-03,1.80e+01,-6.40e-03, 
3.68000e-03,1.80e+01,-1.28e-02, 
3.72000e-03,1.84e+01,-2.40e-03, 
3.76000e-03,1.84e+01,-1.04e-02, 
3.80000e-03,1.72e+01,-2.40e-03, 
3.84000e-03,1.72e+01,-1.60e-03, 
3.88000e-03,1.68e+01,-6.40e-03, 
3.92000e-03,1.64e+01,0.00e+00, 
3.96000e-03,1.72e+01,-4.00e-03, 
4.00000e-03,1.64e+01,4.80e-03, 
4.04000e-03,1.60e+01,-3.20e-03, 
4.08000e-03,1.60e+01,6.40e-03, 
4.12000e-03,1.52e+01,-4.00e-03, 
4.16000e-03,1.52e+01,6.40e-03, 
4.20000e-03,1.36e+01,8.00e-04, 
4.24000e-03,1.36e+01,7.20e-03, 
4.28000e-03,1.24e+01,8.00e-04, 
4.32000e-03,1.24e+01,8.80e-03, 
4.36000e-03,1.08e+01,2.40e-03, 
4.40000e-03,1.08e+01,4.00e-03, 
4.44000e-03,9.20e+00,1.12e-02, 
4.48000e-03,9.20e+00,8.00e-04, 
4.52000e-03,7.60e+00,8.80e-03, 
4.56000e-03,7.20e+00,1.20e-02, 
4.60000e-03,5.20e+00,1.60e-03, 
4.64000e-03,5.20e+00,1.52e-02, 
4.68000e-03,3.60e+00,4.00e-03, 
4.72000e-03,3.60e+00,1.20e-02, 
4.76000e-03,1.60e+00,4.00e-03, 
4.80000e-03,1.20e+00,1.20e-02, 
4.84000e-03,-8.00e-01,3.20e-03, 
4.88000e-03,-8.00e-01,4.80e-03, 
4.92000e-03,-2.80e+00,1.20e-02, 
4.96000e-03,-2.80e+00,1.20e-02, 
5.00000e-03,-4.80e+00,4.80e-03, 
5.04000e-03,-4.40e+00,1.04e-02, 
5.08000e-03,-6.40e+00,4.80e-03, 
5.12000e-03,-6.40e+00,7.20e-03, 
5.16000e-03,-8.00e+00,4.80e-03, 
5.20000e-03,-8.00e+00,8.80e-03, 
5.24000e-03,-9.20e+00,8.00e-04, 
5.28000e-03,-9.20e+00,1.04e-02, 
5.32000e-03,-1.04e+01,0.00e+00, 
5.36000e-03,-1.08e+01,-1.60e-03, 
5.40000e-03,-1.16e+01,8.00e-03, 
5.44000e-03,-1.16e+01,-1.60e-03, 
5.48000e-03,-1.24e+01,8.00e-03, 
5.52000e-03,-1.24e+01,7.20e-03, 
5.56000e-03,-1.32e+01,-5.60e-03, 
5.60000e-03,-1.32e+01,1.60e-03, 
5.64000e-03,-1.36e+01,-3.20e-03, 
5.68000e-03,-1.36e+01,-5.60e-03, 
5.72000e-03,-1.36e+01,1.60e-03, 
5.76000e-03,-1.40e+01,-7.20e-03, 
5.80000e-03,-1.24e+01,8.00e-04, 
5.84000e-03,-1.20e+01,-8.00e-04, 
5.88000e-03,-1.24e+01,-8.00e-03, 
5.92000e-03,-1.20e+01,-4.80e-03, 
5.96000e-03,-1.16e+01,-8.80e-03, 
6.00000e-03,-1.16e+01,-1.12e-02, 
6.04000e-03,-1.08e+01,-4.00e-03, 
6.08000e-03,-1.08e+01,-3.20e-03, 
6.12000e-03,-1.00e+01,-8.80e-03, 
6.16000e-03,-1.00e+01,-3.20e-03, 
6.20000e-03,-9.20e+00,-1.36e-02, 
6.24000e-03,-9.20e+00,-1.12e-02, 
6.28000e-03,-8.00e+00,-4.80e-03, 
6.32000e-03,-8.00e+00,-5.60e-03, 
6.36000e-03,-6.80e+00,-1.36e-02, 
6.40000e-03,-6.40e+00,-1.68e-02, 
6.44000e-03,-5.60e+00,-8.00e-03, 
6.48000e-03,-4.80e+00,-1.68e-02, 
6.52000e-03,-4.00e+00,-8.00e-03, 
6.56000e-03,-4.40e+00,-8.00e-03, 
6.60000e-03,-2.80e+00,-1.44e-02, 
6.64000e-03,-2.40e+00,-1.60e-02, 
6.68000e-03,-1.20e+00,-1.04e-02, 
6.72000e-03,-8.00e-01,-8.00e-03, 
6.76000e-03,0.00e+00,-1.52e-02, 
6.80000e-03,4.00e-01,-1.36e-02, 
6.84000e-03,1.60e+00,-8.00e-03, 
6.88000e-03,2.00e+00,-8.00e-03, 
6.92000e-03,2.80e+00,-1.52e-02, 
6.96000e-03,3.20e+00,-1.76e-02, 
7.00000e-03,4.40e+00,-6.40e-03, 
7.04000e-03,4.00e+00,-9.60e-03, 
7.08000e-03,5.60e+00,-1.52e-02, 
7.12000e-03,5.20e+00,-1.36e-02, 
7.16000e-03,6.40e+00,-7.20e-03, 
7.20000e-03,6.40e+00,-1.68e-02, 
7.24000e-03,7.60e+00,-5.60e-03, 
7.28000e-03,7.20e+00,-5.60e-03, 
7.32000e-03,8.40e+00,-1.12e-02, 
7.36000e-03,8.00e+00,-1.12e-02, 
7.40000e-03,8.80e+00,-2.40e-03, 
7.44000e-03,8.80e+00,-9.60e-03, 
7.48000e-03,9.20e+00,-4.80e-03, 
7.52000e-03,9.20e+00,-8.00e-03, 
7.56000e-03,9.20e+00,-2.40e-03, 
7.60000e-03,9.20e+00,-8.00e-03, 
7.64000e-03,8.00e+00,-8.00e-04, 
7.68000e-03,8.40e+00,-9.60e-03, 
7.72000e-03,8.00e+00,8.00e-04, 
7.76000e-03,8.00e+00,-8.80e-03, 
7.80000e-03,8.40e+00,-2.40e-03, 
7.84000e-03,8.00e+00,-8.00e-03, 
7.88000e-03,8.00e+00,8.00e-04, 
7.92000e-03,8.00e+00,8.00e-04, 
7.96000e-03,7.20e+00,-5.60e-03, 
8.00000e-03,7.20e+00,-3.20e-03, 
8.04000e-03,6.80e+00,1.60e-03, 
8.08000e-03,6.80e+00,-5.60e-03, 
8.12000e-03,6.00e+00,1.60e-03, 
8.16000e-03,6.40e+00,-4.80e-03, 
8.20000e-03,5.20e+00,3.20e-03, 
8.24000e-03,5.20e+00,4.00e-03, 
8.28000e-03,4.80e+00,-5.60e-03, 
8.32000e-03,4.80e+00,-4.00e-03, 
8.36000e-03,3.60e+00,3.20e-03, 
8.40000e-03,3.60e+00,5.60e-03, 
8.44000e-03,2.80e+00,-4.00e-03, 
8.48000e-03,2.80e+00,6.40e-03, 
8.52000e-03,2.00e+00,-8.00e-04, 
8.56000e-03,2.00e+00,-1.60e-03, 
8.60000e-03,8.00e-01,4.80e-03, 
8.64000e-03,8.00e-01,6.40e-03, 
8.68000e-03,0.00e+00,-4.00e-03, 
8.72000e-03,0.00e+00,9.60e-03, 
8.76000e-03,-8.00e-01,-4.00e-03, 
8.80000e-03,-1.20e+00,8.00e-04, 
8.84000e-03,-2.00e+00,4.00e-03, 
8.88000e-03,-2.00e+00,-1.60e-03, 
8.92000e-03,-3.20e+00,5.60e-03, 
8.96000e-03,-2.80e+00,8.80e-03, 
9.00000e-03,-3.60e+00,-2.40e-03, 
9.04000e-03,-3.60e+00,1.04e-02, 
9.08000e-03,-4.40e+00,-4.00e-03, 
9.12000e-03,-4.00e+00,4.00e-03, 
9.16000e-03,-4.80e+00,-4.80e-03, 
9.20000e-03,-5.20e+00,4.00e-03, 
9.24000e-03,-4.80e+00,-5.60e-03, 
9.28000e-03,-5.60e+00,-2.40e-03, 
9.32000e-03,-6.00e+00,4.80e-03, 
9.36000e-03,-6.40e+00,-7.20e-03, 
9.40000e-03,-6.00e+00,4.00e-03, 
9.44000e-03,-6.40e+00,-5.60e-03, 
9.48000e-03,-6.00e+00,6.40e-03, 
9.52000e-03,-6.40e+00,3.20e-03, 
9.56000e-03,-6.40e+00,-8.00e-03, 
9.60000e-03,-6.40e+00,-5.60e-03, 
9.64000e-03,-6.80e+00,0.00e+00, 
9.68000e-03,-6.40e+00,-6.40e-03, 
9.72000e-03,-5.20e+00,0.00e+00, 
9.76000e-03,-4.80e+00,-9.60e-03, 
9.80000e-03,-5.20e+00,8.00e-04, 
9.84000e-03,-4.80e+00,-8.80e-03, 
9.88000e-03,-4.40e+00,8.00e-04, 
9.92000e-03,-4.80e+00,-1.12e-02, 
9.96000e-03,-4.00e+00,-3.20e-03, 
1.00000e-02,-4.40e+00,-3.20e-03, 
1.00400e-02,-3.60e+00,-1.12e-02, 
1.00800e-02,-3.60e+00,-1.60e-03, 
1.01200e-02,-3.20e+00,-1.04e-02, 
1.01600e-02,-3.60e+00,-5.60e-03, 
1.02000e-02,-2.80e+00,-1.36e-02, 
1.02400e-02,-2.80e+00,-8.80e-03, 
1.02800e-02,-2.00e+00,-2.40e-03, 
1.03200e-02,-2.00e+00,-4.00e-03, 
1.03600e-02,-1.60e+00,-8.00e-03, 
1.04000e-02,-1.60e+00,-1.36e-02, 
1.04400e-02,-8.00e-01,-4.80e-03, 
1.04800e-02,-8.00e-01,-1.12e-02, 
1.05200e-02,-4.00e-01,-4.00e-03, 
1.05600e-02,-8.00e-01,-2.40e-03, 
1.06000e-02,4.00e-01,-1.04e-02, 
1.06400e-02,4.00e-01,-1.12e-02, 
1.06800e-02,8.00e-01,-3.20e-03, 
1.07200e-02,8.00e-01,-5.60e-03, 
1.07600e-02,1.60e+00,-8.80e-03, 
1.08000e-02,1.60e+00,-5.60e-03, 
1.08400e-02,2.00e+00,-9.60e-03, 
1.08800e-02,2.00e+00,-5.60e-03, 
1.09200e-02,2.40e+00,-9.60e-03, 
1.09600e-02,2.40e+00,-1.12e-02, 
1.10000e-02,3.20e+00,-1.60e-03, 
1.10400e-02,2.80e+00,-8.80e-03, 
1.10800e-02,3.60e+00,8.00e-04, 
1.11200e-02,3.60e+00,-8.00e-03, 
1.11600e-02,3.60e+00,-1.60e-03, 
1.12000e-02,3.60e+00,-6.40e-03, 
1.12400e-02,3.60e+00,0.00e+00, 
1.12800e-02,3.60e+00,-8.00e-03, 
1.13200e-02,3.60e+00,-8.00e-04, 
1.13600e-02,3.60e+00,-2.40e-03, 
1.14000e-02,2.40e+00,-7.20e-03, 
1.14400e-02,2.80e+00,0.00e+00, 
1.14800e-02,2.40e+00,-8.80e-03, 
1.15200e-02,2.80e+00,-6.40e-03, 
1.15600e-02,2.40e+00,0.00e+00, 
1.16000e-02,2.80e+00,-1.60e-03, 
1.16400e-02,2.40e+00,-8.80e-03, 
1.16800e-02,2.80e+00,-5.60e-03, 
1.17200e-02,2.40e+00,-1.60e-03, 
1.17600e-02,2.00e+00,-1.04e-02, 
1.18000e-02,2.80e+00,-2.40e-03, 
1.18400e-02,2.80e+00,-7.20e-03, 
1.18800e-02,2.00e+00,-8.00e-04, 
1.19200e-02,2.40e+00,-5.60e-03, 
1.19600e-02,2.00e+00,8.00e-04, 
1.20000e-02,2.00e+00,3.20e-03, 
1.20400e-02,2.00e+00,-6.40e-03, 
1.20800e-02,1.60e+00,-4.80e-03, 
1.21200e-02,2.00e+00,1.60e-03, 
1.21600e-02,1.20e+00,-7.20e-03, 
1.22000e-02,1.60e+00,8.00e-04, 
1.22400e-02,1.60e+00,-5.60e-03, 
1.22800e-02,8.00e-01,2.40e-03, 
1.23200e-02,8.00e-01,8.00e-04, 
1.23600e-02,4.00e-01,-4.80e-03, 
1.24000e-02,8.00e-01,-7.20e-03, 
1.24400e-02,4.00e-01,8.00e-04, 
1.24800e-02,0.00e+00,8.00e-04, 
1.25200e-02,4.00e-01,-8.00e-03, 
1.25600e-02,0.00e+00,-4.80e-03, 
1.26000e-02,-4.00e-01,8.00e-04, 
1.26400e-02,-4.00e-01,-8.00e-03, 
1.26800e-02,-8.00e-01,1.60e-03, 
1.27200e-02,-8.00e-01,-5.60e-03, 
1.27600e-02,-8.00e-01,1.60e-03, 
1.28000e-02,-8.00e-01,2.40e-03, 
1.28400e-02,-1.60e+00,-5.60e-03, 
1.28800e-02,-1.20e+00,-8.00e-03, 
1.29200e-02,-1.60e+00,3.20e-03, 
1.29600e-02,-1.60e+00,-5.60e-03, 
1.30000e-02,-2.00e+00,-8.00e-04, 
1.30400e-02,-2.00e+00,8.00e-04, 
1.30800e-02,-2.00e+00,-7.20e-03, 
1.31200e-02,-2.00e+00,0.00e+00, 
1.31600e-02,-2.40e+00,-7.20e-03, 
1.32000e-02,-2.00e+00,-2.40e-03, 
1.32400e-02,-2.00e+00,-7.20e-03, 
1.32800e-02,-2.00e+00,0.00e+00, 
1.33200e-02,-2.40e+00,-8.00e-03, 
1.33600e-02,-2.00e+00,0.00e+00, 
1.34000e-02,-2.40e+00,-8.00e-03, 
1.34400e-02,-2.00e+00,-2.40e-03, 
1.34800e-02,-2.40e+00,-7.20e-03, 
1.35200e-02,-2.40e+00,-8.00e-03, 
1.35600e-02,-1.60e+00,-1.60e-03, 
1.36000e-02,-2.00e+00,1.60e-03, 
1.36400e-02,-2.00e+00,-7.20e-03, 
1.36800e-02,-2.00e+00,1.60e-03, 
1.37200e-02,-8.00e-01,-8.00e-03, 
1.37600e-02,-8.00e-01,-2.40e-03, 
1.38000e-02,-4.00e-01,-8.00e-03, 
1.38400e-02,-8.00e-01,0.00e+00, 
1.38800e-02,-4.00e-01,-7.20e-03, 
1.39200e-02,-4.00e-01,-6.40e-03, 
1.39600e-02,-8.00e-01,-8.00e-04, 
1.40000e-02,-8.00e-01,-8.00e-04, 
1.40400e-02,0.00e+00,-5.60e-03, 
1.40800e-02,0.00e+00,-8.00e-03, 
1.41200e-02,-4.00e-01,1.60e-03, 
1.41600e-02,-4.00e-01,-8.00e-03, 
1.42000e-02,4.00e-01,-4.80e-03, 
1.42400e-02,0.00e+00,-8.00e-04, 
1.42800e-02,4.00e-01,-8.00e-03, 
1.43200e-02,4.00e-01,-7.20e-03, 
1.43600e-02,0.00e+00,-2.40e-03, 
1.44000e-02,8.00e-01,1.60e-03, 
1.44400e-02,-4.00e-01,-8.00e-03, 
1.44800e-02,4.00e-01,-9.60e-03, 
1.45200e-02,-4.00e-01,0.00e+00, 
1.45600e-02,4.00e-01,-1.60e-03, 
1.46000e-02,-8.00e-01,-8.00e-03, 
1.46400e-02,0.00e+00,-8.00e-03, 
1.46800e-02,-8.00e-01,-2.40e-03, 
1.47200e-02,4.00e-01,-7.20e-03, 
1.47600e-02,-4.00e-01,-1.60e-03, 
1.48000e-02,4.00e-01,-2.40e-03, 
1.48400e-02,-4.00e-01,-7.20e-03, 
1.48800e-02,0.00e+00,-1.12e-02, 
1.49200e-02,4.00e-01,-8.00e-04, 
1.49600e-02,0.00e+00,-1.04e-02, 
1.50000e-02,8.00e-01,0.00e+00, 
1.50400e-02,8.00e-01,2.40e-03, 
1.50800e-02,4.00e-01,-8.00e-03, 
1.51200e-02,4.00e-01,-5.60e-03, 
1.51600e-02,8.00e-01,8.00e-04, 
1.52000e-02,8.00e-01,-2.40e-03, 
1.52400e-02,4.00e-01,-9.60e-03, 
1.52800e-02,4.00e-01,-9.60e-03, 
1.53200e-02,8.00e-01,-2.40e-03, 
1.53600e-02,8.00e-01,-5.60e-03, 
1.54000e-02,4.00e-01,8.00e-04, 
1.54400e-02,8.00e-01,-5.60e-03, 
1.54800e-02,8.00e-01,-1.60e-03, 
1.55200e-02,8.00e-01,-6.40e-03, 
1.55600e-02,8.00e-01,-8.00e-04, 
1.56000e-02,8.00e-01,-8.00e-04, 
1.56400e-02,8.00e-01,-6.40e-03, 
1.56800e-02,8.00e-01,8.00e-04, 
1.57200e-02,4.00e-01,-6.40e-03, 
1.57600e-02,8.00e-01,-1.04e-02, 
1.58000e-02,1.20e+00,-4.80e-03, 
1.58400e-02,8.00e-01,-1.12e-02, 
1.58800e-02,8.00e-01,0.00e+00, 
1.59200e-02,8.00e-01,-1.04e-02, 
1.59600e-02,4.00e-01,8.00e-04, 
1.60000e-02,8.00e-01,8.00e-04, 
1.60400e-02,8.00e-01,-8.00e-03, 
1.60800e-02,8.00e-01,2.40e-03, 
1.61200e-02,4.00e-01,-1.12e-02, 
1.61600e-02,8.00e-01,-5.60e-03, 
1.62000e-02,4.00e-01,1.60e-03, 
1.62400e-02,4.00e-01,-8.00e-03, 
1.62800e-02,8.00e-01,-1.60e-03, 
1.63200e-02,8.00e-01,-6.40e-03, 
1.63600e-02,0.00e+00,1.60e-03, 
1.64000e-02,0.00e+00,-7.20e-03, 
1.64400e-02,4.00e-01,-1.60e-03, 
1.64800e-02,4.00e-01,0.00e+00, 
1.65200e-02,0.00e+00,-5.60e-03, 
1.65600e-02,-4.00e-01,8.00e-04, 
1.66000e-02,4.00e-01,-7.20e-03, 
1.66400e-02,-4.00e-01,-8.00e-03, 
1.66800e-02,4.00e-01,-1.60e-03, 
1.67200e-02,-4.00e-01,8.00e-04, 
1.67600e-02,0.00e+00,-7.20e-03, 
1.68000e-02,-4.00e-01,2.40e-03, 
1.68400e-02,0.00e+00,-5.60e-03, 
1.68800e-02,-4.00e-01,1.60e-03, 
1.69200e-02,-8.00e-01,-8.00e-03, 
1.69600e-02,-4.00e-01,3.20e-03, 
1.70000e-02,-8.00e-01,-5.60e-03, 
1.70400e-02,-4.00e-01,-6.40e-03, 
1.70800e-02,-8.00e-01,3.20e-03, 
1.71200e-02,-8.00e-01,-1.60e-03, 
1.71600e-02,-4.00e-01,-8.80e-03, 
1.72000e-02,-8.00e-01,1.60e-03, 
1.72400e-02,-8.00e-01,-9.60e-03, 
1.72800e-02,-8.00e-01,-5.60e-03, 
1.73200e-02,-8.00e-01,8.00e-04, 
1.73600e-02,-8.00e-01,0.00e+00, 
1.74000e-02,-8.00e-01,-8.80e-03, 
1.74400e-02,-8.00e-01,-5.60e-03, 
1.74800e-02,-8.00e-01,5.60e-03, 
1.75200e-02,-8.00e-01,-6.40e-03, 
1.75600e-02,-8.00e-01,0.00e+00, 
1.76000e-02,-8.00e-01,-5.60e-03, 
1.76400e-02,-8.00e-01,0.00e+00, 
1.76800e-02,-8.00e-01,-5.60e-03, 
1.77200e-02,-8.00e-01,-8.00e-04, 
1.77600e-02,-8.00e-01,0.00e+00, 
1.78000e-02,-8.00e-01,-5.60e-03, 
1.78400e-02,-8.00e-01,-5.60e-03, 
1.78800e-02,-4.00e-01,-8.00e-03, 
1.79200e-02,-8.00e-01,-5.60e-03, 
1.79600e-02,-8.00e-01,8.00e-04, 
1.80000e-02,-4.00e-01,1.60e-03, 
1.80400e-02,-8.00e-01,-9.60e-03, 
1.80800e-02,-8.00e-01,-7.20e-03, 
1.81200e-02,-4.00e-01,-2.40e-03, 
1.81600e-02,-4.00e-01,-5.60e-03, 
1.82000e-02,-8.00e-01,3.20e-03, 
1.82400e-02,0.00e+00,8.00e-04, 
1.82800e-02,-4.00e-01,-8.80e-03, 
1.83200e-02,-4.00e-01,8.00e-04, 
1.83600e-02,4.00e-01,-8.00e-03, 
1.84000e-02,0.00e+00,-7.20e-03, 
1.84400e-02,-4.00e-01,1.60e-03, 
1.84800e-02,0.00e+00,-8.00e-03, 
1.85200e-02,-4.00e-01,-8.00e-04, 
1.85600e-02,0.00e+00,8.00e-04, 
1.86000e-02,8.00e-01,-8.00e-03, 
1.86400e-02,0.00e+00,-1.04e-02, 
1.86800e-02,4.00e-01,1.60e-03, 
1.87200e-02,4.00e-01,8.00e-04, 
1.87600e-02,0.00e+00,-7.20e-03, 
1.88000e-02,0.00e+00,-8.00e-03, 
1.88400e-02,8.00e-01,-8.00e-04, 
1.88800e-02,0.00e+00,8.00e-04, 
1.89200e-02,8.00e-01,-8.00e-03, 
1.89600e-02,0.00e+00,2.40e-03, 
1.90000e-02,4.00e-01,-8.80e-03, 
1.90400e-02,0.00e+00,-7.20e-03, 
1.90800e-02,8.00e-01,2.40e-03, 
1.91200e-02,4.00e-01,-8.00e-03, 
1.91600e-02,8.00e-01,3.20e-03, 
1.92000e-02,4.00e-01,-8.00e-03, 
1.92400e-02,8.00e-01,5.60e-03, 
1.92800e-02,4.00e-01,-8.00e-03, 
1.93200e-02,8.00e-01,8.00e-04, 
1.93600e-02,8.00e-01,-1.60e-03, 
1.94000e-02,4.00e-01,-8.00e-03, 
1.94400e-02,4.00e-01,1.60e-03, 
1.94800e-02,8.00e-01,-1.12e-02, 
1.95200e-02,4.00e-01,3.20e-03, 
1.95600e-02,8.00e-01,-6.40e-03, 
1.96000e-02,4.00e-01,-7.20e-03, 
1.96400e-02,8.00e-01,8.00e-04, 
1.96800e-02,8.00e-01,8.00e-04, 
1.97200e-02,0.00e+00,-6.40e-03, 
1.97600e-02,0.00e+00,-8.00e-03, 
1.98000e-02,4.00e-01,2.40e-03, 
1.98400e-02,0.00e+00,-5.60e-03, 
1.98800e-02,4.00e-01,0.00e+00, 
1.99200e-02,4.00e-01,-5.60e-03, 
1.99600e-02,0.00e+00,1.60e-03, 
2.00000e-02,4.00e-01,8.00e-04, 
2.00400e-02,0.00e+00,-6.40e-03, 
2.00800e-02,4.00e-01,-1.04e-02, 
2.01200e-02,0.00e+00,1.60e-03, 
2.01600e-02,0.00e+00,8.00e-04, 
2.02000e-02,-4.00e-01,-5.60e-03, 
2.02400e-02,0.00e+00,8.00e-04, 
2.02800e-02,-4.00e-01,-5.60e-03, 
2.03200e-02,0.00e+00,-5.60e-03, 
2.03600e-02,-4.00e-01,2.40e-03, 
2.04000e-02,0.00e+00,8.00e-04, 
2.04400e-02,-4.00e-01,-8.80e-03, 
2.04800e-02,-4.00e-01,-5.60e-03, 
2.05200e-02,0.00e+00,0.00e+00, 
2.05600e-02,-8.00e-01,2.40e-03, 
2.06000e-02,0.00e+00,-5.60e-03, 
2.06400e-02,0.00e+00,-6.40e-03, 
2.06800e-02,-8.00e-01,1.60e-03, 
2.07200e-02,-8.00e-01,-7.20e-03, 
2.07600e-02,-4.00e-01,2.40e-03, 
2.08000e-02,-4.00e-01,-2.40e-03, 
2.08400e-02,-8.00e-01,-7.20e-03, 
2.08800e-02,-8.00e-01,4.00e-03, 
2.09200e-02,-4.00e-01,-7.20e-03, 
2.09600e-02,-8.00e-01,8.00e-04, 
2.10000e-02,-4.00e-01,-8.00e-03, 
2.10400e-02,-8.00e-01,0.00e+00, 
2.10800e-02,-4.00e-01,-6.40e-03, 
2.11200e-02,-8.00e-01,-2.40e-03, 
2.11600e-02,-4.00e-01,-5.60e-03, 
2.12000e-02,-8.00e-01,-2.40e-03, 
2.12400e-02,0.00e+00,-5.60e-03, 
2.12800e-02,-8.00e-01,-8.80e-03, 
2.13200e-02,-4.00e-01,8.00e-04, 
2.13600e-02,-4.00e-01,-5.60e-03, 
2.14000e-02,-8.00e-01,8.00e-04, 
2.14400e-02,-4.00e-01,0.00e+00, 
2.14800e-02,-8.00e-01,-8.00e-03, 
2.15200e-02,-8.00e-01,-6.40e-03, 
2.15600e-02,-4.00e-01,2.40e-03, 
2.16000e-02,-4.00e-01,8.00e-04, 
2.16400e-02,-8.00e-01,-9.60e-03, 
2.16800e-02,0.00e+00,1.60e-03, 
2.17200e-02,-8.00e-01,-5.60e-03, 
2.17600e-02,-8.00e-01,-5.60e-03, 
2.18000e-02,0.00e+00,8.00e-04, 
2.18400e-02,-4.00e-01,-6.40e-03, 
2.18800e-02,0.00e+00,-1.60e-03, 
2.19200e-02,-4.00e-01,-5.60e-03, 
2.19600e-02,0.00e+00,8.00e-04, 
2.20000e-02,0.00e+00,1.60e-03, 
2.20400e-02,-4.00e-01,-7.20e-03, 
2.20800e-02,4.00e-01,0.00e+00, 
2.21200e-02,-4.00e-01,-8.00e-03, 
2.21600e-02,0.00e+00,8.00e-04, 
2.22000e-02,0.00e+00,-5.60e-03, 
2.22400e-02,0.00e+00,-8.00e-04, 
2.22800e-02,-4.00e-01,-7.20e-03, 
2.23200e-02,0.00e+00,-8.00e-03, 
2.23600e-02,0.00e+00,2.40e-03, 
2.24000e-02,4.00e-01,1.60e-03, 
2.24400e-02,0.00e+00,-8.80e-03, 
2.24800e-02,0.00e+00,4.00e-03, 
2.25200e-02,4.00e-01,-4.80e-03, 
2.25600e-02,4.00e-01,-8.80e-03, 
2.26000e-02,0.00e+00,-1.60e-03, 
2.26400e-02,0.00e+00,8.00e-04, 
2.26800e-02,4.00e-01,-7.20e-03, 
2.27200e-02,4.00e-01,8.00e-04, 
2.27600e-02,0.00e+00,-6.40e-03, 
2.28000e-02,0.00e+00,-7.20e-03, 
2.28400e-02,8.00e-01,0.00e+00, 
2.28800e-02,4.00e-01,1.60e-03, 
2.29200e-02,0.00e+00,-7.20e-03, 
2.29600e-02,4.00e-01,8.00e-04, 
2.30000e-02,0.00e+00,-4.00e-03, 
